model,hf_open_llm_v2,IFEval,BBH,BBH Raw,MATH_Lvl_5,GPQA,MUSR,MMLU-PRO
dnhkng/RYS-XLarge,44.75,79.96,58.77,0.71,38.97,17.9,23.72,49.2
MaziyarPanahi/calme-2.1-qwen2-72b,43.61,81.63,57.33,0.7,36.03,17.45,20.15,49.05
MaziyarPanahi/calme-2.2-qwen2-72b,43.4,80.08,56.8,0.69,41.16,16.55,16.52,49.27
Undi95/MG-FinalMix-72B,43.28,80.14,57.5,0.7,33.61,18.01,21.22,49.19
Qwen/Qwen2-72B-Instruct,42.49,79.89,57.48,0.7,35.12,16.33,17.17,48.92
alpindale/magnum-72b-v1,42.17,76.06,57.65,0.7,35.27,18.79,15.62,49.64
meta-llama/Meta-Llama-3.1-70B-Instruct,41.74,86.69,55.93,0.69,28.02,14.21,17.69,47.88
abacusai/Smaug-Qwen2-72B-Instruct,41.08,78.25,56.27,0.69,35.35,14.88,15.18,46.56
paulml/ECE-ILAB-Q1,40.93,78.65,53.7,0.67,26.13,18.23,18.81,50.06
dnhkng/RYS-Huge-bnb-4bit,39.72,59.68,57.53,0.69,31.57,17.9,22.84,48.8
pankajmathur/orca_mini_v7_72b,39.06,59.3,55.06,0.68,26.44,18.01,24.21,51.35
gbueno86/Meta-LLama-3-Cat-Smaug-LLama-70b,38.27,80.72,51.51,0.67,26.81,10.29,15.0,45.28
MaziyarPanahi/calme-2.2-llama3-70b,37.98,82.08,48.57,0.64,22.96,12.19,15.3,46.74
VAGOsolutions/Llama-3-SauerkrautLM-70b-Instruct,37.82,80.45,52.03,0.67,21.68,10.4,13.54,48.8
ValiantLabs/Llama3-70B-Fireplace,36.82,77.74,49.56,0.65,19.64,13.98,16.77,43.25
tenyx/Llama3-TenyxChat-70B,36.54,80.87,49.62,0.65,22.66,6.82,12.52,46.78
meta-llama/Meta-Llama-3-70B-Instruct,36.18,80.99,50.19,0.65,23.34,4.92,10.92,46.74
failspy/llama-3-70B-Instruct-abliterated,35.79,80.23,48.94,0.65,23.72,5.26,10.53,46.06
dnhkng/RYS-Llama-3-Large-Instruct,35.78,80.51,49.67,0.65,21.83,5.26,11.45,45.97
cloudyu/Llama-3-70Bx2-MOE,35.35,54.82,51.42,0.66,19.86,19.13,20.85,46.02
Sao10K/L3-70B-Euryale-v2.1,35.35,73.84,48.7,0.65,20.85,10.85,12.25,45.6
migtissera/Llama-3-70B-Synthia-v3.5,35.2,60.76,49.12,0.65,18.96,18.34,23.39,40.65
Qwen/Qwen2-72B,35.13,38.24,51.86,0.66,29.15,19.24,19.73,52.56
Sao10K/L3-70B-Euryale-v2.1,35.11,72.81,49.19,0.65,20.24,10.85,12.05,45.51
microsoft/Phi-3.5-MoE-instruct,35.1,69.25,48.77,0.64,20.54,14.09,17.33,40.64
abacusai/Smaug-Llama-3-70B-Instruct-32K,34.72,77.61,49.07,0.65,21.22,6.15,12.43,41.83
BAAI/Infinity-Instruct-3M-0613-Llama3-70B,34.47,68.21,51.33,0.66,14.88,14.43,16.53,41.44
dnhkng/RYS-Llama-3-Huge-Instruct,34.37,76.86,49.07,0.65,21.22,1.45,11.93,45.66
mistralai/Mixtral-8x22B-Instruct-v0.1,33.89,71.84,44.11,0.61,18.73,16.44,13.49,38.7
HuggingFaceH4/zephyr-orpo-141b-A35b-v0.1,33.77,65.11,47.5,0.63,18.35,17.11,14.72,39.85
migtissera/Tess-v2.5.2-Qwen2-72B,33.28,44.94,52.31,0.66,27.42,13.42,10.89,50.68
microsoft/Phi-3-medium-4k-instruct,32.67,64.23,49.38,0.64,16.99,11.52,13.05,40.84
01-ai/Yi-1.5-34B-Chat,32.63,60.67,44.26,0.61,23.34,15.32,13.06,39.12
alpindale/WizardLM-2-8x22B,32.61,52.72,48.58,0.64,22.28,17.56,14.54,39.96
google/gemma-2-27b-it,32.31,79.78,49.27,0.65,0.68,16.67,9.11,38.35
MaziyarPanahi/calme-2.4-llama3-70b,32.18,50.27,48.4,0.64,22.66,11.97,13.1,46.71
internlm/internlm2_5-20b-chat,32.08,70.1,62.83,0.75,0.0,9.51,16.74,33.31
cognitivecomputations/dolphin-2.9.2-qwen2-72b,32.0,40.38,47.7,0.63,21.37,16.0,17.04,49.52
MTSAIR/MultiVerse_70B,31.73,52.49,46.14,0.62,16.16,13.87,18.82,42.89
paloalma/Le_Triomphant-ECE-TW3,31.66,54.02,44.96,0.61,17.45,13.2,18.5,41.81
failspy/Phi-3-medium-4k-instruct-abliterated-v3,31.55,63.19,46.73,0.63,14.12,8.95,18.52,37.78
Danielbrdz/Barcenas-14b-Phi-3-medium-ORPO,31.42,47.99,51.03,0.65,17.45,10.18,20.53,41.37
CohereForAI/c4ai-command-r-plus,30.86,76.64,39.92,0.58,7.55,7.38,20.42,33.24
internlm/internlm2_5-7b-chat,30.46,61.4,57.67,0.71,8.31,10.63,14.35,30.42
ValiantLabs/Llama3-70B-ShiningValiant2,30.45,61.22,46.71,0.63,7.1,10.74,13.64,43.31
altomek/YiSM-34B-0rn,30.15,42.84,45.38,0.61,20.62,16.22,14.76,41.06
paloalma/ECE-TW3-JRGL-V1,30.02,55.35,46.7,0.63,11.86,12.98,17.46,35.79
jpacifico/Chocolatine-14B-Instruct-4k-DPO,29.83,46.89,48.02,0.63,14.88,12.19,15.15,41.82
Qwen/Qwen2-57B-A14B-Instruct,29.6,63.38,41.79,0.59,7.7,10.85,14.18,39.73
Qwen/Qwen1.5-110B,29.56,34.22,44.28,0.61,23.04,13.65,13.71,48.45
abacusai/Smaug-72B-v0.1,29.35,51.67,43.13,0.6,16.77,9.84,14.42,40.26
Qwen/Qwen1.5-110B-Chat,29.22,59.39,44.98,0.62,0.0,12.19,16.29,42.5
paloalma/ECE-TW3-JRGL-V5,29.16,45.47,43.46,0.6,16.54,12.19,16.89,40.43
01-ai/Yi-1.5-34B-Chat-16K,28.98,45.64,44.54,0.61,18.81,11.74,13.74,39.38
google/gemma-2-9b-it,28.86,74.36,42.14,0.6,0.23,14.77,9.74,31.95
152334H/miqu-1-70b-sf,28.82,51.82,43.81,0.61,10.8,13.42,17.21,35.87
microsoft/Phi-3-small-128k-instruct,28.75,63.44,45.57,0.62,0.0,9.84,14.7,38.94
ehristoforu/Gemma2-9b-it-train6,28.75,70.25,40.99,0.59,8.38,10.51,9.65,32.69
VAGOsolutions/Llama-3.1-SauerkrautLM-8b-Instruct,28.56,80.17,31.0,0.51,11.18,5.37,11.52,32.12
Azure99/blossom-v5.1-34b,28.39,56.97,44.15,0.61,14.43,7.94,7.3,39.53
dnhkng/RYS-Phi-3-medium-4k-instruct,28.38,43.91,46.75,0.62,11.78,13.98,11.09,42.74
NLPark/AnFeng_v3.1-Avocet,28.05,50.96,40.31,0.58,13.9,9.96,14.98,38.2
OpenBuddy/openbuddy-zero-56b-v21.2-32k,27.99,50.57,44.8,0.61,12.99,9.06,12.78,37.77
meta-llama/Meta-Llama-3.1-8B-Instruct,27.91,78.56,29.89,0.51,17.6,2.35,8.41,30.68
vicgalle/Configurable-Llama-3.1-8B-Instruct,27.77,83.12,29.66,0.5,15.86,3.24,5.93,28.8
BAAI/Infinity-Instruct-3M-0625-Yi-1.5-9B,27.74,51.86,35.38,0.55,13.97,13.87,16.72,34.65
cognitivecomputations/dolphin-2.9.1-yi-1.5-34b,27.73,38.53,44.17,0.61,15.18,12.42,16.97,39.1
01-ai/Yi-1.5-9B-Chat,27.71,60.46,36.95,0.56,11.63,11.3,12.84,33.06
jpacifico/Chocolatine-3B-Instruct-DPO-Revised,27.63,56.23,37.16,0.55,14.5,9.62,15.1,33.21
microsoft/Phi-3.5-mini-instruct,27.4,57.75,36.75,0.55,14.95,11.97,10.1,32.91
microsoft/Phi-3-mini-4k-instruct,27.2,54.77,36.56,0.55,14.2,10.96,13.12,33.58
NousResearch/Nous-Hermes-2-Mixtral-8x7B-DPO,27.13,58.97,37.11,0.55,10.88,9.51,16.68,29.62
Qwen/Qwen1.5-32B-Chat,27.1,55.32,44.55,0.61,6.65,7.49,10.2,38.41
mlabonne/NeuralDaredevil-8B-abliterated,27.01,75.61,30.31,0.51,8.01,7.49,9.08,31.57
deepseek-ai/deepseek-llm-67b-chat,26.87,55.87,33.23,0.52,6.65,8.84,23.93,32.71
Orenguteng/Llama-3.1-8B-Lexi-Uncensored,26.86,77.77,29.24,0.51,13.82,2.91,6.42,31.0
cognitivecomputations/dolphin-2.9.3-Yi-1.5-34B-32k,26.85,36.39,43.41,0.6,15.18,12.42,13.35,40.34
MaziyarPanahi/Llama-3-8B-Instruct-v0.8,26.79,75.28,28.27,0.5,7.18,7.38,10.92,31.7
DreadPoor/ONeil-model_stock-8B,26.78,67.86,36.41,0.55,9.21,7.38,10.97,28.87
MaziyarPanahi/Llama-3-8B-Instruct-v0.9,26.7,76.3,27.9,0.49,6.8,7.72,9.85,31.62
Qwen/Qwen1.5-32B,26.69,32.97,38.98,0.57,26.66,10.63,12.04,38.89
MaziyarPanahi/Llama-3-8B-Instruct-v0.10,26.66,76.67,27.92,0.49,4.91,7.83,10.81,31.8
DeepMount00/Llama-3-8b-Ita,26.58,75.3,28.08,0.49,5.36,7.38,11.68,31.69
VAGOsolutions/Llama-3-SauerkrautLM-8b-Instruct,26.52,74.45,28.05,0.49,5.74,7.83,11.28,31.75
ehristoforu/Gemma2-9B-it-psy10k-mental_health,26.5,58.87,35.57,0.55,12.16,11.63,9.34,31.43
01-ai/Yi-1.5-34B-32K,26.4,31.19,43.38,0.6,13.44,15.1,14.08,41.21
Danielbrdz/Barcenas-Llama3-8b-ORPO,26.38,73.72,28.6,0.5,5.74,7.61,11.17,31.44
meta-llama/Meta-Llama-3-70B,26.37,16.03,48.71,0.65,16.54,19.69,16.01,41.21
xxx777xxxASD/L3.1-ClaudeMaid-4x8B,26.19,66.96,29.44,0.51,12.84,5.48,13.75,28.67
akjindal53244/Llama-3.1-8B-Instruct-FT_01,26.15,73.48,28.22,0.49,13.29,6.49,7.13,28.3
AbacusResearch/Jallabi-34B,25.97,35.29,43.62,0.6,3.93,11.86,20.24,40.91
microsoft/Phi-3-mini-4k-instruct,25.97,56.13,39.27,0.57,11.63,9.28,7.64,31.85
dnhkng/RYS-Medium,25.94,44.06,47.73,0.63,7.78,10.4,8.73,36.96
meta-llama/Meta-Llama-3.1-70B,25.91,16.84,46.4,0.63,16.69,18.34,16.58,40.6
cloudyu/Yi-34Bx2-MoE-60B-DPO,25.91,53.19,31.26,0.52,6.19,9.62,14.32,40.85
Syed-Hasan-8503/Phi-3-mini-4K-instruct-cpo-simpo,25.87,57.14,39.15,0.57,7.63,10.74,8.78,31.78
Casual-Autopsy/L3-Umbral-Mind-RP-v2.0-8B,25.76,71.23,32.49,0.53,10.12,4.92,5.55,30.26
Sao10K/L3-8B-Stheno-v3.2,25.76,68.73,32.02,0.52,8.53,8.05,6.45,30.76
Nitral-AI/Hathor_Stable-v0.2-L3-8B,25.7,71.75,32.83,0.53,9.21,4.92,5.56,29.96
cognitivecomputations/dolphin-2.9.2-Phi-3-Medium,25.66,42.48,49.72,0.65,0.53,10.29,11.41,39.5
VAGOsolutions/SauerkrautLM-Nemo-12b-Instruct,25.63,61.13,32.34,0.52,8.69,7.94,17.16,26.5
GritLM/GritLM-8x7B-KTO,25.62,57.14,40.83,0.58,8.53,6.15,11.67,29.42
natong19/Qwen2-7B-Instruct-abliterated,25.62,58.37,37.75,0.56,10.27,6.82,8.93,31.58
cognitivecomputations/dolphin-2.9.2-Phi-3-Medium-abliterated,25.59,41.24,48.39,0.64,0.53,10.51,13.73,39.16
cognitivecomputations/dolphin-2.9.2-Phi-3-Medium-abliterated,25.59,36.13,45.44,0.61,12.39,10.4,10.36,38.82
mistral-community/mixtral-8x22B-v0.3,25.55,25.83,45.73,0.63,16.84,17.0,7.46,40.44
arcee-ai/Arcee-Spark,25.54,56.21,37.14,0.55,12.31,7.61,8.6,31.36
mistralai/Mixtral-8x22B-v0.1,25.49,25.83,45.59,0.62,16.84,16.78,7.46,40.44
microsoft/Phi-3-mini-128k-instruct,25.49,59.76,37.1,0.56,8.91,9.06,7.71,30.38
Sao10K/L3-8B-Lunaris-v1,25.48,68.95,32.11,0.52,8.46,6.82,5.55,30.97
01-ai/Yi-1.5-34B,25.43,28.41,42.75,0.6,14.05,15.44,11.22,40.73
Tremontaine/L3-12B-Lunaris-v1,25.38,69.09,32.18,0.52,8.16,7.94,4.05,30.83
CohereForAI/c4ai-command-r-v01,25.35,67.48,34.56,0.54,0.0,7.61,16.13,26.33
arcee-ai/Arcee-Spark,25.33,57.18,36.92,0.55,10.73,7.49,8.4,31.26
ibivibiv/colossus_120b,25.28,42.76,44.07,0.61,4.83,7.83,19.26,32.9
pankajmathur/orca_mini_v3_70b,25.26,40.15,42.98,0.59,3.63,9.06,25.12,30.64
databricks/dbrx-instruct,25.2,54.16,35.96,0.54,6.87,12.19,12.2,29.81
vicgalle/Humanish-RP-Llama-3.1-8B,25.17,66.69,29.96,0.51,13.67,4.92,8.27,27.52
Ba2han/Llama-Phi-3_DoRA,25.14,51.31,37.25,0.55,10.2,10.18,9.53,32.39
Qwen/Qwen2-57B-A14B,25.03,31.13,38.88,0.56,18.66,7.49,10.54,43.51
jpacifico/Chocolatine-3B-Instruct-DPO-v1.0,25.0,37.37,36.55,0.55,15.26,8.72,19.47,32.63
arcee-ai/Llama-Spark,24.9,79.11,29.77,0.51,1.06,6.6,2.62,30.23
cognitivecomputations/dolphin-2.9.1-yi-1.5-9b,24.85,44.65,35.78,0.55,10.42,11.74,13.52,32.97
Eurdem/Defne-llama3.1-8B,24.81,50.36,32.82,0.53,14.12,6.15,13.54,31.84
Qwen/Qwen2-7B-Instruct,24.76,56.79,37.81,0.55,8.61,6.38,7.37,31.64
HiroseKoichi/Llama-Salad-4x8B-V3,24.75,66.54,31.93,0.52,8.53,7.05,6.45,27.98
haoranxu/Llama-3-Instruct-8B-SimPO,24.71,73.47,28.23,0.5,7.1,5.37,3.74,30.37
invisietch/Nimbus-Miqu-v0.1-70B,24.71,46.47,43.45,0.6,5.44,11.86,9.33,31.7
macadeliccc/Samantha-Qwen-2-7B,24.7,43.77,31.41,0.51,18.96,3.02,20.16,30.88
Azure99/blossom-v5.1-9b,24.68,50.86,34.2,0.53,10.5,11.41,8.02,33.1
NousResearch/Hermes-2-Theta-Llama-3-8B,24.62,65.18,32.05,0.52,8.69,7.16,8.36,26.32
CohereForAI/aya-23-35B,24.62,64.62,34.86,0.54,2.64,5.93,13.47,26.18
vicgalle/Merge-Mixtral-Prometheus-8x7B,24.61,57.44,34.65,0.54,8.31,7.83,9.59,29.82
cognitivecomputations/dolphin-2.9.3-mistral-nemo-12b,24.58,56.01,36.08,0.55,5.06,8.72,15.21,26.41
ZeusLabs/L3-Aethora-15B-V2,24.57,72.08,28.97,0.5,7.33,5.03,6.25,27.78
ycros/BagelMIsteryTour-v2-8x7B,24.55,62.62,31.37,0.51,7.7,7.72,10.32,27.56
MaziyarPanahi/calme-2.1-phi3-4b,24.51,55.25,38.12,0.56,4.31,10.63,8.26,30.51
haoranxu/Llama-3-Instruct-8B-CPO-SimPO,24.48,70.46,29.76,0.5,7.7,5.7,3.42,29.84
rhplus0831/maid-yuzu-v7,24.38,64.62,26.82,0.48,8.91,7.94,9.77,28.22
mistralai/Mixtral-8x7B-Instruct-v0.1,24.35,53.95,34.02,0.53,9.06,7.61,12.11,29.36
ValiantLabs/Llama3.1-8B-ShiningValiant2,24.29,65.24,26.35,0.48,11.63,8.95,7.19,26.38
VAGOsolutions/SauerkrautLM-Mixtral-8x7B-Instruct,24.29,56.02,33.95,0.53,8.61,6.38,11.32,29.45
UKzExecution/LlamaExecutor-8B-3.0.5,24.26,74.03,28.41,0.5,8.53,0.78,4.65,29.17
ycros/BagelMIsteryTour-v2-8x7B,24.26,59.94,31.7,0.52,7.85,7.27,11.3,27.48
argilla/notux-8x7b-v1,24.23,54.22,34.76,0.54,8.46,7.83,10.53,29.56
MarinaraSpaghetti/Nemomix-v4.0-12B,24.2,55.75,32.88,0.53,9.21,5.59,12.76,29.03
lordjia/Llama-3-Cantonese-8B-Instruct,24.16,66.69,26.79,0.48,8.23,5.82,9.48,27.94
NeverSleep/Lumimaid-v0.2-8B,24.12,50.38,31.96,0.52,12.61,8.17,12.32,29.29
OpenBuddy/openbuddy-llama3.1-8b-v22.2-131k,24.07,66.57,29.06,0.5,9.37,3.91,9.81,25.67
PJMixers/LLaMa-3-CursedStock-v2.0-8B,24.03,63.31,32.56,0.53,8.61,3.24,8.04,28.4
Weyaxi/Einstein-v7-Qwen2-7B,24.01,41.0,32.84,0.52,15.18,6.6,14.06,34.4
BAAI/Infinity-Instruct-3M-0625-Qwen2-7B,24.01,55.54,34.66,0.53,6.12,8.39,6.46,32.89
ValiantLabs/Llama3.1-8B-ShiningValiant2,24.0,64.74,26.26,0.48,10.73,8.95,6.91,26.4
vicgalle/Roleplay-Llama-3-8B,23.94,73.2,28.55,0.5,8.69,1.45,1.68,30.09
meta-llama/Meta-Llama-3-8B-Instruct,23.91,74.08,28.24,0.5,8.69,1.23,1.6,29.6
01-ai/Yi-34B-Chat,23.9,46.99,37.62,0.56,4.31,11.74,8.36,34.37
UCLA-AGI/Llama-3-Instruct-8B-SPPO-Iter2,23.78,69.89,29.87,0.51,8.76,2.24,2.0,29.91
vicgalle/Configurable-Yi-1.5-9B-Chat,23.77,43.23,35.33,0.55,6.12,12.42,12.02,33.5
abacusai/Smaug-34B-v0.1,23.76,50.16,34.26,0.54,0.0,10.63,8.13,39.37
lightblue/suzume-llama-3-8B-multilingual,23.72,66.78,28.9,0.49,7.85,4.47,7.84,26.48
adamo1139/Yi-34B-200K-AEZAKMI-v2,23.69,45.55,35.28,0.54,4.83,10.96,6.48,39.03
Qwen/Qwen2-7B,23.66,31.49,34.71,0.53,18.81,7.27,14.32,35.37
google/gemma-2-27b,23.64,24.75,37.39,0.56,14.88,13.42,13.92,37.45
SeaLLMs/SeaLLMs-v3-7B-Chat,23.63,43.77,33.8,0.53,15.11,6.49,10.47,32.16
ZhangShenao/SELM-Llama-3-8B-Instruct-iter-3,23.56,69.03,29.08,0.5,5.74,1.12,5.5,30.92
lordjia/Qwen2-Cantonese-7B-Instruct,23.5,54.35,32.45,0.52,8.76,6.04,7.81,31.59
saltlux/luxia-21.4b-alignment-v1.2,23.44,41.15,47.77,0.64,1.59,7.72,14.9,27.48
lightblue/suzume-llama-3-8B-multilingual-orpo-borda-top75,23.43,66.87,28.06,0.48,6.57,3.02,5.31,30.77
lightblue/suzume-llama-3-8B-multilingual-orpo-borda-top25,23.37,66.37,27.67,0.49,8.53,3.02,4.81,29.83
axolotl-ai-co/romulus-mistral-nemo-12b-simpo,23.37,60.64,34.64,0.54,0.83,3.8,12.98,27.32
NousResearch/Nous-Hermes-2-SOLAR-10.7B,23.32,52.79,34.99,0.54,5.21,5.82,13.83,27.31
UCLA-AGI/Llama-3-Instruct-8B-SPPO-Iter3,23.32,68.34,29.74,0.51,7.33,2.01,3.09,29.38
MaziyarPanahi/calme-2.2-phi3-4b,23.21,50.69,37.73,0.55,2.34,9.51,7.7,31.27
CausalLM/34b-beta,23.18,30.43,36.68,0.56,4.15,12.86,6.92,48.06
fblgit/UNA-SimpleSmaug-34b-v1beta,23.12,45.56,32.78,0.53,0.15,8.95,11.96,39.33
UCLA-AGI/Llama-3-Instruct-8B-SPPO-Iter3,23.06,67.03,29.72,0.51,7.18,2.01,2.89,29.53
MaziyarPanahi/calme-2.3-phi3-4b,23.02,49.26,37.66,0.55,2.95,9.06,7.75,31.42
BAAI/Infinity-Instruct-7M-0729-Llama3_1-8B,22.94,61.32,30.89,0.51,9.74,5.7,5.3,24.71
LLM360/K2-Chat,22.93,51.52,33.79,0.54,1.59,7.49,16.82,26.34
01-ai/Yi-1.5-9B-Chat-16K,22.9,42.14,31.5,0.52,12.61,7.83,10.04,33.26
saltlux/luxia-21.4b-alignment-v1.0,22.86,36.93,48.02,0.64,6.19,6.82,12.51,26.7
BAAI/Infinity-Instruct-7M-0729-mistral-7B,22.76,61.62,28.7,0.5,5.59,5.37,10.04,25.26
refuelai/Llama-3-Refueled,22.73,46.2,41.72,0.59,3.93,6.6,14.64,23.28
BAAI/Infinity-Instruct-3M-0625-Mistral-7B,22.69,58.67,28.82,0.49,6.72,4.92,12.24,24.77
MaziyarPanahi/Qwen2-7B-Instruct-v0.1,22.69,33.52,31.92,0.51,20.39,4.7,13.87,31.75
stabilityai/StableBeluga2,22.67,37.87,41.26,0.58,3.55,8.84,18.65,25.85
openchat/openchat-3.6-8b-20240522,22.67,53.43,33.23,0.53,7.33,9.06,8.18,24.77
nbeerbower/gemma2-gutenberg-9B,22.61,27.96,42.36,0.6,1.44,11.74,16.71,35.47
fblgit/UNA-ThePitbull-21.4B-v2,22.6,37.9,46.79,0.64,9.59,6.94,6.42,27.95
Pretergeek/OpenChat-3.5-0106_8.11B-36Layers-Last,22.57,59.76,24.06,0.46,6.8,7.61,11.78,25.44
openchat/openchat-3.5-1210,22.56,60.37,23.24,0.45,6.87,6.82,14.28,23.81
Pretergeek/OpenChat-3.5-0106_BlockExpansion-48Layers-End,22.55,59.61,24.06,0.46,6.8,7.61,11.78,25.44
Pretergeek/OpenChat-3.5-0106_BlockExpansion-44Layers-End,22.55,59.61,24.06,0.46,6.8,7.61,11.78,25.44
Pretergeek/OpenChat-3.5-0106_BlockExpansion-40Layers-End,22.55,59.61,24.06,0.46,6.8,7.61,11.78,25.44
vicgalle/ConfigurableBeagle-11B,22.52,58.34,32.39,0.53,3.7,6.94,7.38,26.38
openchat/openchat-3.5-0106,22.5,59.51,24.04,0.46,6.5,7.72,11.75,25.46
pankajmathur/orca_mini_v7_7b,22.41,43.88,33.95,0.53,2.64,6.15,12.66,35.19
Replete-AI/Llama3-8B-Instruct-Replete-Adapted,22.4,69.15,26.89,0.49,4.83,4.14,2.82,26.57
vicgalle/CarbonBeagle-11B,22.36,54.15,33.06,0.53,5.51,6.94,9.19,25.29
WizardLMTeam/WizardLM-70B-V1.0,22.32,49.51,37.54,0.56,3.47,2.13,14.09,27.18
johnsutor/Llama-3-8B-Instruct_breadcrumbs-density-0.1-gamma-0.01,22.3,42.71,29.55,0.5,3.7,9.62,17.8,30.44
vicgalle/Configurable-Hermes-2-Pro-Llama-3-8B,22.29,57.63,30.51,0.51,5.97,6.26,10.06,23.31
mistralai/Mistral-Nemo-Instruct-2407,22.27,62.61,27.11,0.49,0.3,8.72,8.48,26.37
01-ai/Yi-34B,22.26,30.46,35.54,0.55,4.46,15.55,9.65,37.91
johnsutor/Llama-3-8B-Instruct_breadcrumbs-density-0.5-gamma-0.1,22.18,43.96,30.85,0.51,6.87,7.61,13.84,29.96
ValiantLabs/Llama3.1-8B-Enigma,22.14,64.05,24.8,0.47,10.8,4.7,2.29,26.22
mlabonne/Daredevil-8B,22.13,45.48,31.63,0.52,8.99,7.72,7.53,31.45
OpenBuddy/openbuddy-mixtral-7bx8-v18.1-32k,22.12,54.93,24.54,0.47,9.52,7.27,5.28,31.16
johnsutor/Llama-3-8B-Instruct_breadcrumbs_ties-density-0.1-gamma-0.01,22.09,43.59,29.53,0.5,4.31,8.05,16.34,30.69
01-ai/Yi-1.5-6B-Chat,22.05,48.02,23.55,0.46,12.54,9.06,14.7,24.41
allknowingroger/WestlakeMaziyar-7B-slerp,22.04,48.38,33.34,0.52,5.82,7.16,14.49,23.08
BAAI/Infinity-Instruct-3M-0613-Mistral-7B,22.04,53.2,28.99,0.5,6.65,6.15,13.25,24.01
jpacifico/Chocolatine-8B-Instruct-DPO-v1.0,22.03,47.33,29.96,0.51,7.55,6.71,8.74,31.88
waqasali1707/Beast-Soul-new,22.01,50.3,33.04,0.52,6.42,4.36,14.5,23.42
chujiezheng/Llama-3-Instruct-8B-SimPO-ExPO,21.97,64.34,25.87,0.48,0.53,4.92,9.5,26.68
VAGOsolutions/SauerkrautLM-7b-LaserChat,21.97,59.88,22.99,0.45,6.72,6.71,9.92,25.61
01-ai/Yi-1.5-9B,21.95,29.36,30.5,0.51,10.2,17.23,12.03,32.4
4season/final_model_test_v2,21.92,31.91,47.41,0.63,1.36,10.29,12.43,28.09
FallenMerick/Chewy-Lemon-Cookie-11B,21.91,48.75,33.01,0.53,4.61,3.91,15.95,25.19
OpenBuddy/openbuddy-llama3-8b-v21.2-32k,21.84,61.92,27.25,0.49,6.5,3.91,5.93,25.54
johnsutor/Llama-3-8B-Instruct_breadcrumbs-density-0.9-gamma-0.1,21.82,42.23,31.12,0.52,6.72,7.72,13.67,29.45
dnhkng/RYS-Llama-3-8B-Instruct,21.81,69.58,25.37,0.48,6.19,1.01,0.29,28.41
NousResearch/Nous-Hermes-2-Mixtral-8x7B-SFT,21.78,57.31,30.59,0.51,1.74,6.94,11.14,22.96
nxmwxm/Beast-Soul-new,21.74,48.69,33.07,0.52,6.95,4.25,14.14,23.35
johnsutor/Llama-3-8B-Instruct_breadcrumbs-density-0.7-gamma-0.1,21.73,43.02,31.16,0.52,6.04,7.72,12.88,29.59
talha2001/Beast-Soul-new,21.72,48.54,33.07,0.52,6.95,4.25,14.14,23.35
johnsutor/Llama-3-8B-Instruct_breadcrumbs-density-0.3-gamma-0.1,21.66,42.74,30.51,0.51,7.02,7.83,11.4,30.44
NousResearch/Hermes-2-Pro-Mistral-7B,21.64,56.68,29.43,0.5,4.83,3.13,14.13,21.63
icefog72/IceSakeV8RP-7b,21.64,60.86,28.97,0.49,5.66,3.47,8.54,22.34
NousResearch/Hermes-2-Pro-Llama-3-8B,21.63,53.62,30.67,0.51,5.74,5.7,11.25,22.8
johnsutor/Llama-3-8B-Instruct_breadcrumbs_ties-density-0.3-gamma-0.1,21.6,42.04,30.24,0.51,8.01,7.27,11.92,30.11
grimjim/llama-3-Nephilim-v1-8B,21.58,42.77,29.91,0.51,8.16,6.94,10.64,31.06
openchat/openchat_3.5,21.52,59.31,21.58,0.44,6.57,6.49,11.26,23.93
mlabonne/NeuralDaredevil-8B-abliterated,21.5,41.62,29.76,0.51,8.53,7.05,10.9,31.13
icefog72/IceSakeRP-7b,21.48,52.28,31.65,0.51,5.82,4.7,10.23,24.18
BAAI/Infinity-Instruct-3M-0625-Llama3-8B,21.47,60.5,28.99,0.5,5.29,3.36,5.67,25.02
UCLA-AGI/Gemma-2-9B-It-SPPO-Iter3,21.47,31.67,42.54,0.6,0.0,11.86,11.34,31.4
johnsutor/Llama-3-8B-Instruct_breadcrumbs_ties-density-0.7-gamma-0.1,21.46,41.99,31.01,0.51,7.1,6.49,13.14,29.06
flammenai/flammen15-gutenberg-DPO-v1-7B,21.46,47.98,32.67,0.52,6.72,4.59,12.53,24.29
Intel/neural-chat-7b-v3-2,21.43,49.88,30.24,0.5,4.53,5.37,20.06,18.52
LGAI-EXAONE/EXAONE-3.0-7.8B-Instruct,21.4,71.93,17.98,0.42,4.46,2.13,3.3,28.63
Columbia-NLP/LION-LLaMA-3-8b-dpo-v1.0,21.34,49.57,30.36,0.5,9.06,4.14,10.28,24.65
teknium/OpenHermes-2-Mistral-7B,21.33,52.86,29.25,0.49,3.85,4.47,16.06,21.46
vicgalle/CarbonBeagle-11B-truthy,21.29,52.12,33.99,0.53,4.76,6.6,4.11,26.19
Stark2008/GutenLaserPi,21.29,42.27,32.98,0.52,7.18,4.92,16.99,23.4
lightblue/suzume-llama-3-8B-multilingual-orpo-borda-half,21.28,62.49,26.35,0.47,7.7,0.0,2.11,29.04
cyberagent/calm3-22b-chat,21.27,50.91,29.52,0.5,5.89,3.58,16.08,21.66
icefog72/IceLemonTeaRP-32k-7b,21.27,52.12,30.14,0.5,4.83,5.37,12.2,22.97
johnsutor/Llama-3-8B-Instruct_breadcrumbs-density-0.1-gamma-0.1,21.26,42.53,28.61,0.5,8.53,6.82,10.78,30.27
gradientai/Gradient-Llama-3.1-8B-Instruct-1048k,21.25,54.02,24.2,0.46,6.5,4.25,13.29,25.24
johnsutor/Llama-3-8B-Instruct_breadcrumbs_ties-density-0.5-gamma-0.1,21.24,40.92,30.69,0.51,6.87,6.04,13.26,29.66
Gryphe/Pantheon-RP-1.5-12b-Nemo,21.24,47.63,31.75,0.52,4.38,3.02,15.05,25.58
johnsutor/Llama-3-8B-Instruct_breadcrumbs_ties-density-0.9-gamma-0.1,21.22,41.62,30.84,0.51,6.95,6.26,12.5,29.16
TIGER-Lab/MAmmoTH2-7B-Plus,21.22,55.75,18.93,0.42,16.09,4.03,10.11,22.41
teknium/OpenHermes-2.5-Mistral-7B,21.22,55.71,27.77,0.49,4.46,4.47,12.06,22.83
UCLA-AGI/Gemma-2-9B-It-SPPO-Iter2,21.22,31.0,42.17,0.6,0.0,11.3,10.94,31.89
johnsutor/Llama-3-8B-Instruct_linear,21.21,43.08,28.78,0.5,9.06,6.04,10.15,30.13
nbeerbower/llama-3-gutenberg-8B,21.17,43.72,27.96,0.5,7.02,6.82,10.05,31.45
Stark2008/VisFlamCat,21.16,43.66,32.88,0.52,6.57,5.37,14.68,23.82
princeton-nlp/gemma-2-9b-it-SimPO,21.16,32.07,40.09,0.58,0.0,11.41,10.34,33.06
Eric111/CatunaMayo-DPO,21.15,42.15,33.09,0.52,7.33,5.59,14.66,24.11
Eric111/CatunaMayo,21.15,40.74,33.3,0.52,7.7,5.59,15.35,24.2
johnsutor/Llama-3-8B-Instruct_breadcrumbs_ties-density-0.1-gamma-0.1,21.14,42.02,28.5,0.5,8.84,6.71,10.78,29.99
icefog72/IceSakeV6RP-7b,21.13,50.33,30.39,0.5,5.66,5.48,11.63,23.26
ibivibiv/multimaster-7b-v6,21.03,44.73,32.4,0.52,5.21,7.16,13.38,23.28
Artples/L-MChat-7b,21.02,52.97,24.2,0.46,7.93,7.38,8.12,25.54
Qwen/Qwen1.5-14B-Chat,21.02,47.68,32.76,0.52,0.0,2.68,13.93,29.09
NousResearch/Nous-Hermes-2-Mistral-7B-DPO,21.01,57.63,27.79,0.49,4.23,5.7,8.33,22.39
Intel/neural-chat-7b-v3-1,21.0,46.87,29.74,0.51,3.17,5.37,22.24,18.64
maldv/badger-kappa-llama-3-8b,21.0,46.95,30.15,0.51,7.63,7.05,4.3,29.95
cognitivecomputations/dolphin-2.9.2-qwen2-7b,20.96,35.35,27.91,0.49,11.56,5.37,11.66,33.9
allknowingroger/MultiMash8-13B-slerp,20.95,43.21,32.27,0.52,6.95,5.15,14.5,23.62
maldv/badger-writer-llama-3-8b,20.93,53.03,26.88,0.49,6.57,5.26,3.2,30.67
google/gemma-2-9b,20.93,20.4,34.1,0.54,11.78,10.51,14.3,34.48
icefog72/IceCocoaRP-7b,20.87,49.62,29.64,0.49,5.44,6.04,11.17,23.32
fblgit/juanako-7b-UNA,20.77,48.37,30.42,0.51,2.87,6.15,17.16,19.68
maldv/badger-lambda-llama-3-8b,20.76,48.61,28.1,0.5,8.31,4.25,4.52,30.74
athirdpath/Llama-3.1-Instruct_NSFW-pretrained_e1-plus_reddit,20.74,45.21,28.02,0.49,8.84,5.59,8.3,28.5
grimjim/Llama-3-Instruct-8B-SPPO-Iter3-SimPO-merge,20.74,42.71,28.26,0.5,9.37,5.37,9.54,29.17
nlpguy/StarFusion-alpha1,20.7,56.6,21.93,0.44,6.42,6.04,8.88,24.34
Stark2008/LayleleFlamPi,20.69,42.84,31.21,0.51,5.59,4.7,16.57,23.26
Naveenpoliasetty/llama3-8B-V2,20.69,41.23,30.87,0.52,7.1,5.37,9.18,30.42
berkeley-nest/Starling-LM-7B-alpha,20.64,54.8,21.95,0.44,7.18,6.26,9.5,24.13
intervitens/mini-magnum-12b-v1.1,20.61,51.56,29.73,0.51,3.7,5.15,8.09,25.46
allknowingroger/NeuralWestSeverus-7B-slerp,20.6,41.36,33.41,0.52,6.87,2.8,15.41,23.75
allknowingroger/ROGERphi-7B-slerp,20.59,38.61,32.82,0.52,6.65,5.15,17.53,22.81
dzakwan/dzakwan-MoE-4x7b-Beta,20.59,44.43,32.07,0.51,6.72,4.81,12.11,23.42
cat-searcher/gemma-2-9b-it-sppo-iter-1,20.55,30.15,41.68,0.6,0.0,12.64,7.15,31.71
allknowingroger/MultiMash11-13B-slerp,20.55,42.51,32.6,0.52,6.65,4.36,14.03,23.17
allknowingroger/MixTAO-19B-pass,20.54,38.14,31.58,0.51,5.59,4.59,19.95,23.39
allknowingroger/MultiMash9-13B-slerp,20.53,41.88,32.55,0.52,7.18,4.03,14.21,23.33
shadowml/BeagSake-7B,20.5,40.19,32.53,0.52,6.27,4.03,16.38,23.61
meta-llama/Meta-Llama-3-8B-Instruct,20.48,47.82,26.8,0.49,8.38,5.7,5.4,28.79
SanjiWatsuki/Kunoichi-DPO-v2-7B,20.41,54.31,20.9,0.44,6.57,6.15,11.09,23.41
johnsutor/Llama-3-8B-Instruct_breadcrumbs_ties-density-0.3-gamma-0.01,20.39,35.18,29.14,0.5,1.13,7.49,20.35,29.01
allknowingroger/Multimash3-12B-slerp,20.38,44.37,32.15,0.52,5.74,4.03,13.03,22.97
Yuma42/KangalKhan-RawRuby-7B,20.38,54.77,26.39,0.48,5.97,5.03,7.64,22.48
allknowingroger/YamMaths-7B-slerp,20.38,41.48,32.13,0.52,7.48,4.03,13.46,23.68
jsfs11/MixtureofMerges-MoE-4x7b-v5,20.36,41.99,32.83,0.52,7.1,4.59,12.34,23.31
pankajmathur/orca_mini_v6_8b_dpo,20.29,38.83,32.48,0.52,5.51,6.82,9.26,28.85
johnsutor/Llama-3-8B-Instruct_ties-density-0.1,20.29,41.16,28.77,0.5,7.1,5.15,10.67,28.89
allknowingroger/MultiMash10-13B-slerp,20.29,41.63,32.45,0.52,6.34,4.81,12.97,23.52
LeroyDyer/LCARS_TOP_SCORE,20.26,43.71,31.7,0.51,6.34,4.81,12.43,22.57
Columbia-NLP/LION-LLaMA-3-8b-sft-v1.0,20.26,38.17,30.88,0.51,8.46,3.69,15.48,24.86
VIRNECT/llama-3-Korean-8B,20.25,50.58,27.32,0.49,9.29,2.8,3.27,28.21
icefog72/IceCoffeeRP-7b,20.24,49.59,29.4,0.49,4.83,4.7,11.0,21.94
Qwen/Qwen1.5-14B,20.22,29.05,30.06,0.51,16.47,5.93,10.46,29.37
Locutusque/Llama-3-Yggdrasil-2.0-8B,20.22,53.71,26.92,0.48,6.87,1.68,8.07,24.07
beowolx/CodeNinja-1.0-OpenChat-7B,20.21,54.47,21.71,0.44,5.21,5.93,11.54,22.39
VIRNECT/llama-3-Korean-8B,20.18,50.21,27.56,0.49,9.29,2.8,3.03,28.18
VAGOsolutions/SauerkrautLM-SOLAR-Instruct,20.16,49.17,31.84,0.52,0.0,7.38,8.33,24.26
allknowingroger/Neuralcoven-7B-slerp,20.16,38.59,33.8,0.53,6.65,4.7,11.76,25.49
allknowingroger/Strangecoven-7B-slerp,20.16,37.46,34.83,0.54,6.72,5.26,10.42,26.27
pankajmathur/orca_mini_v5_8b,20.16,48.06,29.35,0.51,7.85,4.92,7.7,23.07
allknowingroger/MultiMash6-12B-slerp,20.14,43.0,32.4,0.52,6.42,3.24,12.52,23.23
allknowingroger/MixTaoTruthful-13B-slerp,20.13,41.39,32.71,0.52,5.89,4.59,12.86,23.33
johnsutor/Llama-3-8B-Instruct_breadcrumbs-density-0.3-gamma-0.01,20.1,33.77,28.14,0.49,0.0,8.28,22.29,28.15
cat-searcher/gemma-2-9b-it-sppo-iter-1-evol-1,20.1,29.42,41.1,0.59,0.0,12.08,6.9,31.11
MLP-KTLim/llama-3-Korean-Bllossom-8B,20.09,51.13,26.93,0.49,8.38,1.68,3.63,28.82
allknowingroger/MultiMash-12B-slerp,20.08,39.74,31.93,0.51,7.48,3.58,14.77,22.97
MaziyarPanahi/Calme-4x7B-MoE-v0.2,20.06,42.94,31.4,0.51,6.72,3.91,12.54,22.86
johnsutor/Llama-3-8B-Instruct_breadcrumbs_ties-density-0.5-gamma-0.01,20.06,34.54,29.32,0.5,1.06,6.26,21.06,28.13
Sao10K/Fimbulvetr-11B-v2,20.03,51.0,22.66,0.45,0.45,5.59,14.92,25.57
saishf/Fimbulvetr-Kuro-Lotus-10.7B,20.01,49.39,19.91,0.43,1.36,6.82,16.03,26.55
OmnicromsBrain/NeuralStar_FusionWriter_4x7b,20.01,59.64,26.04,0.48,4.53,3.8,8.2,17.84
kekmodel/StopCarbon-10.7B-v5,20.0,47.28,31.99,0.52,0.0,7.49,9.28,23.96
Kukedlc/NeuralSynthesis-7B-v0.3,19.99,40.78,31.81,0.51,7.18,4.03,13.39,22.78
invisietch/EtherealRainbow-v0.2-8B,19.99,39.03,30.28,0.51,7.55,7.05,6.57,29.48
Weyaxi/Einstein-v6.1-Llama3-8B,19.99,45.68,29.38,0.5,5.74,4.25,11.23,23.68
Intel/neural-chat-7b-v3-3,19.99,47.63,27.75,0.49,0.68,5.26,20.58,18.05
icefog72/IceSakeV4RP-7b,19.99,46.34,29.23,0.49,5.21,5.93,9.86,23.36
pankajmathur/orca_mini_v5_8b_dpo,19.96,48.96,29.61,0.51,7.48,3.24,6.94,23.51
RubielLabarta/LogoS-7Bx2-MoE-13B-v0.2,19.95,43.79,32.79,0.52,4.76,3.69,11.49,23.2
MaziyarPanahi/Calme-4x7B-MoE-v0.1,19.92,43.15,31.26,0.51,7.4,4.25,10.62,22.85
jsfs11/MixtureofMerges-MoE-4x7b-v4,19.92,40.3,32.22,0.52,5.74,4.81,13.89,22.58
Kukedlc/NeuralSynthesis-7B-v0.1,19.9,41.85,31.83,0.51,5.66,4.14,13.16,22.77
OpenBuddy/openbuddy-llama3-8b-v21.1-8k,19.9,55.7,26.12,0.48,2.72,2.8,10.35,21.72
automerger/YamshadowExperiment28-7B,19.82,40.7,31.98,0.52,5.74,4.92,12.69,22.89
01-ai/Yi-34B-200K,19.8,15.42,36.02,0.54,4.46,14.21,9.41,39.27
maldv/badger-mu-llama-3-8b,19.77,49.19,30.51,0.51,2.27,1.23,5.7,29.71
allknowingroger/MultiMash2-12B-slerp,19.75,42.61,31.62,0.51,5.89,3.91,11.78,22.7
jieliu/Storm-7B,19.74,34.24,32.33,0.52,5.97,7.72,14.63,23.55
lemon07r/llama-3-NeuralMahou-8b,19.73,49.01,18.69,0.42,9.52,5.15,6.14,29.89
allknowingroger/MultiMash7-12B-slerp,19.72,42.13,31.3,0.51,6.5,3.8,12.03,22.55
Weyaxi/SauerkrautLM-UNA-SOLAR-Instruct,19.71,45.73,31.82,0.52,0.0,8.17,8.6,23.93
VAGOsolutions/SauerkrautLM-7b-HerO,19.68,53.46,27.99,0.49,4.0,3.02,6.88,22.73
shyamieee/Padma-v7.0,19.67,38.41,31.66,0.51,6.5,4.81,14.09,22.55
mistralai/Mixtral-8x7B-v0.1,19.67,23.26,30.4,0.51,9.37,9.4,13.66,31.9
RLHFlow/LLaMA3-iterative-DPO-final,19.64,53.4,29.79,0.51,0.0,4.47,5.08,25.08
allknowingroger/limyClown-7B-slerp,19.63,40.17,31.93,0.51,6.42,4.14,12.46,22.64
upstage/SOLAR-10.7B-Instruct-v1.0,19.63,47.37,31.87,0.52,0.0,7.83,6.94,23.76
invisietch/EtherealRainbow-v0.3-8B,19.61,36.82,30.08,0.51,6.57,7.27,7.77,29.18
allknowingroger/Ph3unsloth-3B-slerp,19.61,18.94,36.46,0.55,6.87,9.96,15.43,30.01
01-ai/Yi-1.5-9B-32K,19.61,23.03,28.94,0.5,9.59,14.54,10.83,30.72
allknowingroger/MultiverseEx26-7B-slerp,19.61,39.39,31.66,0.51,7.02,4.36,12.6,22.61
mlabonne/Daredevil-8B-abliterated,19.55,44.26,19.87,0.43,8.61,5.37,9.18,30.01
jeonsworld/CarbonVillain-en-10.7B-v4,19.55,45.79,31.81,0.52,0.0,7.49,8.4,23.8
lightblue/suzume-llama-3-8B-multilingual-orpo-borda-full,19.53,58.17,25.08,0.47,3.02,1.23,4.04,25.66
invalid-coder/Sakura-SOLAR-Instruct-CarbonVillain-en-10.7B-v2-slerp,19.53,45.55,31.64,0.52,0.0,7.38,8.77,23.84
allknowingroger/RogerMerge-7B-slerp,19.52,39.33,31.99,0.52,6.27,4.03,12.93,22.56
fblgit/UNA-TheBeagle-7b-v1,19.51,36.89,30.17,0.5,6.87,4.59,16.09,22.44
allknowingroger/MultiMash5-12B-slerp,19.5,41.42,31.86,0.51,5.82,3.69,11.7,22.53
allknowingroger/MultiMerge-7B-slerp,19.49,39.48,31.8,0.51,6.34,4.36,12.33,22.63
allknowingroger/Yunconglong-13B-slerp,19.49,42.42,32.14,0.52,4.76,4.14,10.84,22.62
iRyanBell/ARC1,19.49,44.11,26.56,0.49,5.82,5.93,8.15,26.34
vicgalle/ConfigurableHermes-7B,19.46,54.11,23.16,0.46,4.31,3.58,9.11,22.5
Kukedlc/NeuralSynthesis-7b-v0.4-slerp,19.45,39.47,32.0,0.51,5.82,3.69,13.06,22.7
johnsutor/Llama-3-8B-Instruct_breadcrumbs-density-0.5-gamma-0.01,19.38,32.04,27.67,0.49,0.0,6.94,23.62,26.05
allknowingroger/MultiCalm-7B-slerp,19.38,39.27,31.47,0.51,5.66,4.36,12.96,22.59
flammenai/Mahou-1.2a-mistral-7B,19.38,45.37,31.17,0.51,5.82,2.91,6.97,24.04
LeroyDyer/LCARS_AI_1x4_003_SuperAI,19.37,41.11,28.42,0.49,4.83,4.36,15.56,21.91
mistralai/Mixtral-8x7B-v0.1,19.33,24.15,30.29,0.51,8.76,8.5,12.58,31.66
SanjiWatsuki/Silicon-Maid-7B,19.32,53.68,16.69,0.41,5.97,5.37,11.09,23.15
lemon07r/Llama-3-RedMagic4-8B,19.32,48.64,19.48,0.43,8.31,5.37,4.38,29.73
cognitivecomputations/dolphin-2.9.3-mistral-7B-32k,19.31,41.26,26.91,0.48,4.83,4.7,17.93,20.23
allknowingroger/Neuralmultiverse-7B-slerp,19.31,37.69,32.1,0.52,6.19,4.59,12.61,22.69
mlabonne/Beyonder-4x7B-v3,19.31,56.08,24.56,0.47,4.76,4.7,8.93,16.81
Columbia-NLP/LION-LLaMA-3-8b-odpo-v1.0,19.29,39.68,30.46,0.5,7.25,4.7,9.72,23.92
shadowml/Mixolar-4x7b,19.28,38.93,32.73,0.52,0.0,5.7,12.72,25.62
allknowingroger/Meme-7B-slerp,19.25,51.64,24.53,0.47,4.23,4.81,10.19,20.11
MaziyarPanahi/Qwen2-7B-Instruct-v0.8,19.22,27.75,25.53,0.46,15.63,5.82,12.06,28.51
chargoddard/prometheus-2-llama-3-8b,19.16,52.89,27.8,0.49,7.25,3.02,0.78,23.19
GritLM/GritLM-7B-KTO,19.15,53.1,27.9,0.49,2.19,6.38,6.64,18.67
OpenBuddy/openbuddy-zero-14b-v22.3-32k,19.14,37.53,26.29,0.49,7.78,7.61,11.34,24.3
johnsutor/Llama-3-8B-Instruct_breadcrumbs_ties-density-0.7-gamma-0.01,19.14,29.04,28.74,0.5,0.53,6.6,22.25,27.67
google/recurrentgemma-9b-it,19.12,50.1,21.62,0.44,6.04,2.68,13.77,20.48
mistralai/Mistral-7B-Instruct-v0.3,19.11,54.65,25.57,0.47,3.17,3.91,4.3,23.06
failspy/Llama-3-8B-Instruct-abliterated,19.08,59.09,18.86,0.44,3.17,3.47,10.51,19.35
Weyaxi/Einstein-v6.1-developed-by-Weyaxi-Llama3-8B,19.05,39.27,29.69,0.5,5.59,3.13,13.39,23.25
vicgalle/ConfigurableSOLAR-10.7B,19.05,51.0,27.45,0.49,0.0,6.49,5.19,24.15
SeaLLMs/SeaLLM-7B-v2.5,18.92,45.22,28.74,0.5,0.0,3.47,11.61,24.48
johnsutor/Llama-3-8B-Instruct_breadcrumbs_ties-density-0.9-gamma-0.01,18.88,29.13,28.22,0.49,0.0,6.71,21.98,27.27
abacusai/Llama-3-Smaug-8B,18.87,48.67,27.88,0.49,7.33,0.0,5.05,24.28
mlabonne/NeuralBeagle14-7B,18.83,49.35,23.96,0.46,4.76,4.25,12.89,17.79
johnsutor/Llama-3-8B-Instruct_ties-density-0.3,18.69,36.26,27.72,0.49,5.74,6.15,10.48,25.79
uukuguy/speechless-llama2-hermes-orca-platypus-wizardlm-13b,18.6,45.62,26.79,0.48,1.44,2.68,17.75,17.32
HuggingFaceH4/zephyr-7b-alpha,18.53,51.91,23.96,0.46,1.51,6.38,7.5,19.94
allknowingroger/LimyQstar-7B-slerp,18.52,34.91,30.19,0.5,5.97,6.49,10.2,23.37
johnsutor/Llama-3-8B-Instruct_breadcrumbs-density-0.9-gamma-0.01,18.48,27.9,27.22,0.49,0.0,5.93,24.24,25.61
mistralai/Mistral-7B-Instruct-v0.2,18.44,54.96,22.91,0.45,2.64,3.47,7.61,19.08
johnsutor/Llama-3-8B-Instruct_breadcrumbs-density-0.7-gamma-0.01,18.44,28.14,27.16,0.49,0.0,5.37,24.47,25.5
argilla/notus-7b-v1,18.37,50.82,22.75,0.45,2.57,5.26,6.59,22.26
uukuguy/speechless-mistral-dolphin-orca-platypus-samantha-7b,18.34,37.0,29.65,0.5,2.95,4.47,13.85,22.12
ValiantLabs/Llama3.1-8B-Fireplace2,18.31,54.83,24.07,0.46,5.82,5.15,4.38,15.63
cognitivecomputations/dolphin-2.9-llama3-8b,18.3,38.5,27.86,0.49,5.06,4.92,13.79,19.68
meta-llama/Llama-2-70b-hf,18.25,24.07,35.9,0.55,2.49,7.05,9.78,30.2
microsoft/Orca-2-13b,18.14,31.28,27.31,0.49,0.98,4.03,25.79,19.44
gradientai/Llama-3-8B-Instruct-Gradient-1048k,18.12,44.56,21.01,0.43,4.38,3.69,13.52,21.56
johnsutor/Llama-3-8B-Instruct_ties-density-0.5,18.11,37.97,26.01,0.48,5.44,7.27,7.8,24.17
uukuguy/speechless-code-mistral-7b-v1.0,18.09,36.65,24.09,0.46,4.61,4.59,14.77,23.84
ValiantLabs/Llama3.1-8B-Fireplace2,18.05,53.28,24.09,0.46,5.66,5.26,4.22,15.82
johnsutor/Llama-3-8B-Instruct_ties-density-0.9,18.04,38.58,25.46,0.47,5.59,6.6,7.74,24.24
uukuguy/speechless-instruct-mistral-7b-v0.2,18.02,32.61,24.56,0.46,4.38,4.25,21.17,21.14
THUDM/glm-4-9b,18.01,14.26,35.81,0.55,0.0,8.84,14.19,34.94
Intel/neural-chat-7b-v3,17.94,27.78,30.21,0.5,2.19,5.59,23.02,18.87
Kukedlc/NeuralExperiment-7b-MagicCoder-v7.5,17.92,45.53,16.39,0.4,6.12,6.15,13.06,20.27
johnsutor/Llama-3-8B-Instruct_ties-density-0.7,17.89,36.81,25.37,0.47,5.74,7.94,7.58,23.92
collaiborateorg/Collaiborator-MEDLLM-Llama-3-8B-v2,17.89,38.09,23.65,0.46,5.36,11.07,1.6,27.56
Magpie-Align/Llama-3.1-8B-Magpie-Align-SFT-v0.1,17.8,47.88,26.14,0.48,7.93,1.45,1.87,21.53
meraGPT/mera-mix-4x7B,17.78,48.32,17.49,0.4,4.91,7.27,9.27,19.42
NeverSleep/Lumimaid-v0.2-12B,17.77,10.99,34.41,0.54,3.4,8.61,21.3,27.91
HuggingFaceH4/zephyr-7b-beta,17.72,49.5,21.49,0.43,2.42,5.37,7.73,19.79
Open-Orca/Mistral-7B-OpenOrca,17.62,49.78,25.84,0.48,2.95,2.91,5.89,18.37
01-ai/Yi-9B,17.61,27.09,27.63,0.49,4.38,9.06,8.91,28.6
nvidia/Mistral-NeMo-Minitron-8B-Base,17.6,19.46,32.52,0.53,4.31,8.61,9.77,30.92
mlabonne/AlphaMonarch-7B,17.59,49.39,23.95,0.46,3.85,2.68,9.32,16.36
01-ai/Yi-9B-200K,17.59,23.27,26.49,0.48,5.82,8.72,12.11,29.13
Kukedlc/NeuralLLaMa-3-8b-ORPO-v0.3,17.52,52.76,22.39,0.46,3.47,0.0,3.65,22.85
Enno-Ai/EnnoAi-Pro-Llama-3-8B-v0.3,17.5,50.83,16.67,0.41,1.06,2.01,12.31,22.12
Deci/DeciLM-7B-instruct,17.43,48.8,23.89,0.46,2.79,5.26,5.99,17.87
google/gemma-1.1-7b-it,17.4,50.39,15.93,0.39,3.17,5.82,11.51,17.6
Magpie-Align/Llama-3-8B-Magpie-Align-SFT-v0.3,17.38,50.64,23.7,0.46,6.27,2.13,0.4,21.14
johnsutor/Llama-3-8B-Instruct_dare_ties-density-0.9,17.28,21.61,24.69,0.47,0.0,7.72,25.88,23.81
win10/llama3-13.45b-Instruct,17.26,41.44,26.68,0.49,1.96,1.12,6.33,26.06
uukuguy/speechless-codellama-34b-v2.0,17.21,46.04,25.99,0.48,4.31,2.57,7.21,17.14
freewheelin/free-solar-evo-v0.13,17.2,23.21,23.35,0.46,0.0,5.15,24.08,27.44
pankajmathur/Al_Dente_v1_8b,17.12,36.94,27.25,0.48,3.02,6.6,8.27,20.67
migtissera/Tess-3-7B-SFT,17.1,39.46,24.12,0.46,3.32,2.8,10.28,22.6
fblgit/una-cybertron-7b-v2-bf16,17.09,47.37,14.97,0.4,3.32,6.38,14.48,16.03
zhengr/MixTAO-7Bx2-MoE-v8.1,17.06,41.88,19.18,0.42,5.97,6.49,8.3,20.52
google/gemma-2-2b-it,17.05,56.68,17.98,0.42,0.08,3.24,7.08,17.22
Salesforce/LLaMA-3-8B-SFR-Iterative-DPO-R,17.03,38.16,29.15,0.5,0.15,5.03,5.55,24.14
UCLA-AGI/Mistral7B-PairRM-SPPO-Iter2,17.0,44.46,22.48,0.45,1.51,5.15,9.8,18.63
Magpie-Align/Llama-3-8B-Magpie-Align-v0.3,16.89,44.97,24.31,0.46,2.57,2.01,3.74,23.71
upstage/SOLAR-10.7B-v1.0,16.77,24.21,29.79,0.51,2.11,4.14,13.68,26.67
ibm/merlinite-7b,16.74,24.99,29.98,0.5,2.34,6.26,13.88,22.98
Weyaxi/Einstein-v4-7B,16.73,47.08,14.3,0.38,1.74,4.25,19.02,13.99
johnsutor/Llama-3-8B-Instruct_dare_ties-density-0.7,16.72,20.34,25.25,0.47,0.0,7.16,23.71,23.87
Gryphe/Pantheon-RP-1.0-8b-Llama-3,16.68,39.33,23.63,0.45,5.21,3.47,5.5,22.96
freewheelin/free-solar-evo-v0.11,16.64,20.27,23.18,0.45,0.0,4.7,24.29,27.42
dicta-il/dictalm2.0-instruct,16.58,44.12,19.69,0.43,1.06,7.05,9.72,17.83
Qwen/Qwen1.5-7B-Chat,16.58,43.71,22.38,0.45,0.0,7.05,4.64,21.68
vicgalle/Merge-Mistral-Prometheus-7B,16.55,48.48,18.41,0.42,1.59,1.79,9.95,19.08
01-ai/Yi-1.5-6B,16.53,26.17,22.03,0.45,5.36,8.5,13.31,23.82
CausalLM/14B,16.53,27.88,24.78,0.47,3.32,7.05,11.47,24.68
Magpie-Align/Llama-3-8B-Magpie-Align-v0.1,16.47,41.18,26.69,0.48,3.4,3.36,1.92,22.29
netcat420/MFANNv0.20,16.41,34.79,22.4,0.46,4.68,5.37,6.76,24.47
UCLA-AGI/Mistral7B-PairRM-SPPO-Iter3,16.36,43.51,21.82,0.44,1.59,3.36,9.49,18.42
uukuguy/speechless-zephyr-code-functionary-7b,16.36,26.96,25.98,0.47,3.63,6.71,11.61,23.27
Replete-AI/Replete-Coder-Instruct-8b-Merged,16.31,53.88,21.94,0.45,7.1,2.57,3.45,8.95
freewheelin/free-solar-evo-v0.1,16.3,20.5,22.64,0.45,0.08,5.48,22.26,26.82
Magpie-Align/Llama-3-8B-Magpie-Align-v0.1,16.26,40.27,26.29,0.48,3.25,3.58,1.92,22.24
senseable/WestLake-7B-v2,16.26,44.19,17.86,0.41,4.83,3.58,7.48,19.6
stabilityai/stablelm-2-12b-chat,16.22,40.82,25.25,0.47,2.04,2.24,7.73,19.27
CohereForAI/aya-23-8B,15.97,46.99,20.2,0.43,1.44,4.59,8.42,14.2
johnsutor/Llama-3-8B-Instruct_dare_ties-density-0.3,15.94,21.13,23.09,0.46,0.0,6.26,22.5,22.67
Pretergeek/openchat-3.5-0106_Rebased_Mistral-7B-v0.2,15.94,37.06,10.91,0.36,3.85,2.91,20.57,20.33
Locutusque/Llama-3-NeuralHercules-5.0-8B,15.93,44.89,16.34,0.39,3.63,2.46,6.78,21.48
jebcarter/psyonic-cetacean-20B,15.87,25.44,27.84,0.49,0.98,3.13,16.9,20.95
pankajmathur/model_007_13b_v2,15.86,30.56,25.45,0.47,1.21,4.47,17.2,16.23
HuggingFaceH4/zephyr-7b-gemma-v0.1,15.78,33.64,23.75,0.46,6.65,5.93,4.18,20.53
hon9kon9ize/CantoneseLLMChat-v0.5,15.73,32.31,20.76,0.43,2.79,3.69,18.13,16.71
NousResearch/Yarn-Solar-10b-32k,15.63,19.48,28.99,0.5,2.42,7.05,10.6,25.25
Isaak-Carter/JOSIEv4o-8b-stage1-v4,15.57,25.53,25.79,0.47,4.68,5.59,6.08,25.74
Kquant03/CognitiveFusion2-4x7B-BF16,15.52,35.67,17.69,0.41,5.06,4.81,9.95,19.92
EpistemeAI/Fireball-12B,15.45,18.34,30.67,0.51,3.55,1.57,12.52,26.04
microsoft/phi-2,15.45,27.39,28.04,0.49,2.42,2.91,13.84,18.09
win10/Breeze-13B-32k-Instruct-v1_0,15.4,35.84,25.26,0.46,0.91,1.9,11.06,17.42
mlabonne/phixtral-2x2_8,15.39,34.31,28.5,0.49,2.57,2.01,7.71,17.23
Isaak-Carter/JOSIEv4o-8b-stage1-v4,15.31,24.77,25.92,0.48,3.85,5.48,6.35,25.47
google/gemma-7b,15.28,26.59,21.12,0.44,6.42,4.92,10.98,21.64
rwitz/go-bruins-v2,15.27,40.96,12.69,0.38,5.74,1.68,10.99,19.57
EpistemeAI/Fireball-Mistral-Nemo-Base-2407-v1-DPO2,15.25,18.61,28.57,0.5,3.1,5.59,9.5,26.14
Qwen/Qwen1.5-7B,15.22,26.84,23.08,0.46,4.46,6.49,9.16,21.29
Enno-Ai/EnnoAi-Pro-French-Llama-3-8B-v0.4,15.18,41.89,16.88,0.41,0.6,2.8,10.76,18.16
WizardLMTeam/WizardLM-13B-V1.2,15.15,33.92,22.89,0.45,1.74,1.45,14.03,16.88
TencentARC/LLaMA-Pro-8B-Instruct,15.14,44.86,19.49,0.42,1.66,3.24,11.11,10.51
oobabooga/CodeBooga-34B-v0.1,15.1,52.5,8.56,0.34,0.53,0.89,12.98,15.11
mistralai/Mistral-Nemo-Base-2407,15.08,16.3,29.37,0.5,4.98,5.82,6.52,27.46
Changgil/K2S3-14b-v0.2,15.07,32.43,24.28,0.46,4.53,4.14,6.8,18.26
NousResearch/Yarn-Solar-10b-64k,15.06,19.89,28.4,0.49,2.27,6.94,9.01,23.87
tiiuae/falcon-mamba-7b,15.04,33.36,19.88,0.43,3.63,8.05,10.86,14.47
pankajmathur/orca_mini_v3_13b,15.0,28.97,25.55,0.47,1.89,2.01,17.11,14.5
Deci/DeciLM-7B,14.95,28.13,21.25,0.44,2.42,6.04,13.05,18.8
mlabonne/OrpoLlama-3-8B,14.87,36.53,21.95,0.44,3.85,3.91,4.01,18.95
Artples/L-MChat-Small,14.87,32.87,26.86,0.48,1.59,2.35,9.27,16.27
Qwen/Qwen1.5-MoE-A2.7B-Chat,14.82,37.95,20.04,0.43,0.0,3.24,6.33,21.37
deepseek-ai/deepseek-llm-7b-chat,14.77,41.71,11.26,0.36,1.74,2.13,19.21,12.59
Changgil/K2S3-v0.1,14.75,32.77,24.56,0.47,4.08,1.9,7.84,17.36
dreamgen/WizardLM-2-7B,14.74,45.83,9.21,0.35,2.49,4.92,7.53,18.45
rhysjones/phi-2-orange-v2,14.64,36.7,25.61,0.48,0.0,1.57,6.97,17.03
LLM360/K2,14.53,22.52,28.22,0.5,2.04,3.58,8.55,22.27
mistralai/Mistral-7B-v0.1,14.52,23.86,22.17,0.44,2.49,5.59,10.68,22.36
LeroyDyer/LCARS_AI_StarTrek_Computer,14.51,35.83,21.78,0.44,3.47,2.35,7.44,16.2
VAGOsolutions/SauerkrautLM-Gemma-7b,14.5,34.07,18.49,0.42,4.91,4.81,2.93,21.79
BEE-spoke-data/Meta-Llama-3-8Bee,14.49,19.51,24.2,0.46,3.85,8.5,6.24,24.66
LeroyDyer/LCARS_AI_001,14.4,31.09,19.46,0.43,2.19,1.79,13.33,18.56
awnr/Mistral-7B-v0.1-signtensors-1-over-2,14.26,21.79,22.4,0.44,2.72,7.61,8.81,22.22
teknium/CollectiveCognition-v1.1-Mistral-7B,14.23,27.9,23.48,0.45,2.95,4.92,5.73,20.41
rasyosef/phi-2-instruct-v0.1,14.22,36.81,26.36,0.47,0.0,3.24,5.04,13.85
microsoft/Orca-2-7b,14.22,21.83,22.43,0.45,0.83,1.45,24.09,14.65
TencentARC/Mistral_Pro_8B_v0.1,14.2,21.15,22.89,0.45,5.66,4.03,11.83,19.61
tklohj/WindyFloLLM,14.17,26.69,24.4,0.46,1.13,3.36,11.86,17.57
mistralai/Mistral-7B-v0.3,14.15,22.66,23.95,0.45,2.64,5.59,8.36,21.7
mistral-community/Mistral-7B-v0.2,14.15,22.66,23.95,0.45,2.64,5.59,8.36,21.7
awnr/Mistral-7B-v0.1-signtensors-7-over-16,14.15,22.94,21.04,0.43,3.25,7.16,7.93,22.56
netcat420/MFANNv0.19,14.14,30.57,24.92,0.47,2.64,7.61,2.72,16.36
johnsutor/Llama-3-8B-Instruct_dare_linear,14.12,21.45,19.61,0.43,0.0,6.15,21.81,15.72
01-ai/Yi-6B-Chat,14.0,33.95,17.0,0.41,0.68,5.93,3.57,22.9
apple/DCLM-7B,13.99,21.73,19.76,0.42,2.95,8.72,7.31,23.45
Corianas/llama-3-reactor,13.95,23.0,21.89,0.45,4.38,6.38,8.01,20.01
Qwen/Qwen2-1.5B-Instruct,13.92,33.71,13.7,0.39,5.82,1.57,12.03,16.68
stabilityai/stablelm-2-12b,13.86,15.69,22.69,0.45,3.47,3.8,14.49,23.02
spmurrayzzz/Mistral-Syndicate-7B,13.85,24.96,20.51,0.42,2.42,3.47,13.62,18.13
xinchen9/llama3-b8-ft-dis,13.85,15.46,24.73,0.46,3.17,8.39,6.41,24.93
openchat/openchat_v3.2,13.81,29.81,20.32,0.43,1.13,2.68,13.1,15.8
yam-peleg/Hebrew-Gemma-11B-Instruct,13.81,30.21,16.86,0.4,5.06,3.47,9.97,17.27
meta-llama/Meta-Llama-3.1-8B,13.78,12.7,25.29,0.47,4.61,6.15,8.98,24.95
AI-Sweden-Models/Llama-3-8B-instruct,13.78,24.01,18.39,0.42,0.45,2.13,19.94,17.75
tiiuae/falcon-11B,13.78,32.61,21.94,0.44,2.34,2.8,7.53,15.44
awnr/Mistral-7B-v0.1-signtensors-3-over-8,13.73,23.94,20.44,0.43,2.79,7.16,5.79,22.24
01-ai/Yi-6B,13.6,28.93,19.41,0.43,1.51,2.57,7.04,22.12
google/flan-ul2,13.55,23.93,30.02,0.51,0.15,5.03,5.58,16.59
huggyllama/llama-65b,13.54,25.26,25.25,0.47,2.19,3.47,1.97,23.08
pankajmathur/orca_mini_v3_7b,13.52,28.21,17.84,0.41,0.3,0.0,22.71,12.04
google/recurrentgemma-9b,13.5,31.16,15.32,0.4,5.36,4.7,6.6,17.83
google/flan-t5-xxl,13.49,22.0,30.12,0.51,0.0,2.68,11.19,14.92
LeroyDyer/SpydazWeb_AI_CyberTron_Ultra_7b,13.47,15.56,27.75,0.48,0.76,5.7,10.3,20.73
NousResearch/Yarn-Mistral-7b-64k,13.43,20.8,20.23,0.43,3.02,5.37,9.88,21.27
meta-llama/Meta-Llama-3-8B,13.41,14.55,24.5,0.46,3.25,7.38,6.24,24.55
Alibaba-NLP/gte-Qwen2-7B-instruct,13.34,22.55,21.93,0.45,3.47,0.0,6.32,25.79
gradientai/Gradient-Llama-3.1-8B-Instruct-1048k,13.3,3.32,23.45,0.46,8.99,7.27,11.22,25.53
yam-peleg/Hebrew-Mistral-7B,13.23,23.28,20.18,0.43,4.53,3.91,7.67,19.78
kevin009/llamaRAGdrama,13.2,25.98,16.64,0.4,3.4,1.9,12.11,19.15
NousResearch/Yarn-Mistral-7b-128k,13.16,19.34,20.63,0.43,2.49,6.49,8.95,21.03
aloobun/Meta-Llama-3-7B-28Layers,13.14,19.64,22.1,0.44,1.36,5.93,5.8,24.0
kno10/ende-chat-0.0.7,13.08,44.01,13.58,0.38,0.0,4.14,6.03,10.74
pankajmathur/orca_mini_v5_8b_orpo,12.88,8.24,27.88,0.5,5.97,4.59,8.97,21.63
openchat/openchat_v3.2_super,12.84,28.62,19.15,0.42,1.59,1.9,9.92,15.84
google/gemma-7b-it,12.83,38.68,11.88,0.36,1.59,4.59,12.53,7.72
meta-llama/Llama-2-70b-chat-hf,12.73,49.58,4.61,0.3,0.91,1.9,3.48,15.92
mistralai/Mistral-7B-Instruct-v0.1,12.67,44.87,7.65,0.34,1.66,0.0,6.13,15.72
Sao10K/L3-8B-Stheno-v3.3-32K,12.57,46.04,13.51,0.38,0.98,0.89,4.07,9.95
netcat420/MFANN3bv0.18,12.55,22.06,23.07,0.45,1.89,1.01,10.6,16.67
netcat420/MFANN3bv0.19,12.45,22.58,22.91,0.45,1.44,1.01,9.9,16.89
bigcode/starcoder2-15b,12.44,27.8,20.37,0.44,5.36,3.13,2.93,15.03
Qwen/Qwen1.5-MoE-A2.7B,12.42,26.6,18.84,0.41,0.15,1.23,7.97,19.75
LiteAI/Hare1.0-Beta,12.38,34.71,14.09,0.39,0.76,0.67,15.72,8.35
stabilityai/stablelm-zephyr-3b,12.33,36.83,14.76,0.39,4.08,0.0,9.79,8.53
Columbia-NLP/LION-Gemma-2b-sft-v1.0,12.33,36.92,14.12,0.39,5.14,0.78,8.31,8.69
Qwen/Qwen1.5-4B-Chat,12.33,31.57,16.3,0.4,0.98,2.24,7.36,15.51
NTQAI/Nxcode-CQ-7B-orpo,12.3,40.07,17.58,0.41,1.74,0.56,7.05,6.79
abhishek/autotrain-llama3-orpo-v2,12.2,43.72,4.38,0.32,4.23,2.24,5.1,13.54
Enno-Ai/EnnoAi-Pro-Llama-3-8B,12.17,31.95,17.51,0.42,0.15,1.57,9.08,12.79
awnr/Mistral-7B-v0.1-signtensors-5-over-16,12.16,21.18,17.54,0.41,2.19,4.14,6.14,21.75
teknium/OpenHermes-13B,12.12,26.68,18.21,0.42,0.83,3.02,8.53,15.44
internlm/internlm2_5-1_8b-chat,12.11,38.49,21.03,0.45,0.0,5.37,4.42,3.32
llmat/Mistral-v0.3-7B-ORPO,12.08,37.7,14.86,0.4,0.53,2.24,2.97,14.2
llmat/Mistral-v0.3-7B-ORPO,12.02,36.4,15.59,0.4,0.15,2.57,2.97,14.46
TencentARC/MetaMath-Mistral-Pro,12.01,21.19,22.37,0.44,4.61,2.57,4.99,16.35
DreadPoor/Machroom-3B-model_stock,11.94,32.98,12.0,0.36,2.42,0.34,17.11,6.8
01-ai/Yi-6B-200K,11.9,8.43,20.15,0.43,1.21,4.25,16.84,20.49
dicta-il/dictalm2.0,11.84,24.13,16.49,0.4,1.51,5.59,5.51,17.83
monsterapi/gemma-2-2b-LoRA-MonsterInstruct,11.84,39.03,11.97,0.36,0.98,2.68,5.41,10.97
netcat420/MFANN3bv0.15,11.81,20.12,23.47,0.45,1.96,0.22,8.77,16.32
AI-MO/NuminaMath-7B-TIR,11.79,27.56,16.87,0.41,1.74,1.12,4.2,19.25
Replete-AI/Replete-Coder-Llama3-8B,11.66,47.29,7.06,0.33,2.95,1.45,7.51,3.67
lodrick-the-lafted/llama-3.1-8b-instruct-ortho-v7,11.65,35.15,14.44,0.39,1.74,3.02,4.73,10.82
johnsutor/Llama-3-8B-Instruct_dare_ties-density-0.1,11.62,18.91,16.86,0.41,0.0,2.91,16.99,14.05
google/flan-t5-xl,11.59,22.37,22.7,0.45,0.08,0.34,11.33,12.74
google/flan-t5-xl,11.59,22.07,22.84,0.45,0.08,0.0,11.85,12.69
OpenBuddy/openbuddy-zero-3b-v21.2-32k,11.55,38.02,15.29,0.39,0.91,1.34,2.25,11.49
jueyuan111/q7-oher,11.5,29.35,16.21,0.4,0.08,2.57,4.47,16.34
Columbia-NLP/LION-Gemma-2b-dpo-v1.0,11.48,32.78,14.59,0.39,4.31,0.0,9.83,7.4
h2oai/h2o-danube3-4b-chat,11.36,36.29,8.84,0.35,2.79,1.34,5.23,13.65
Columbia-NLP/LION-Gemma-2b-odpo-v1.0,11.36,30.66,14.02,0.39,3.7,0.0,12.06,7.69
tiiuae/falcon-40b,11.33,24.96,16.58,0.4,1.36,3.13,5.19,16.72
Qwen/Qwen1.5-4B,11.29,24.45,16.25,0.41,2.42,3.58,4.82,16.22
beomi/gemma-mling-7b,11.18,20.29,17.63,0.41,4.15,0.0,6.85,18.14
Columbia-NLP/LION-Gemma-2b-dpo-v1.0,11.09,31.02,14.24,0.39,4.31,0.45,9.11,7.39
Replete-AI/Replete-Coder-Qwen2-1.5b,11.07,30.14,10.43,0.35,0.91,2.46,9.74,12.74
meta-llama/Llama-2-13b-chat-hf,11.0,39.85,7.16,0.33,0.6,0.0,8.16,10.26
meta-llama/Llama-2-13b-hf,10.99,24.82,17.22,0.41,1.06,4.14,3.39,15.31
THUDM/glm-4-9b-chat,10.97,0.0,25.21,0.47,0.0,8.5,8.06,24.07
winglian/Llama-3-8b-64k-PoSE,10.89,28.57,13.31,0.37,2.64,1.45,3.08,16.3
Josephgflowers/Cinder-Phi-2-V1-F16-gguf,10.86,23.57,22.45,0.44,0.0,4.25,1.97,12.9
lmsys/vicuna-7b-v1.5,10.78,23.52,15.15,0.39,0.76,1.12,11.42,12.74
LiteAI/Hare-1.1B-base-0.5v,10.78,36.33,5.14,0.32,0.68,2.01,12.44,8.08
allenai/OLMo-7B-Instruct-hf,10.76,34.73,13.16,0.37,0.83,2.8,4.33,8.72
yam-peleg/Hebrew-Mistral-7B-200K,10.64,18.56,17.49,0.41,2.34,3.47,4.53,17.48
kno10/ende-chat-0.0.5,10.61,34.04,11.13,0.36,0.6,2.01,7.1,8.78
VAGOsolutions/SauerkrautLM-gemma-2-2b-it,10.56,13.21,18.89,0.42,0.08,4.03,8.4,18.76
internlm/internlm2-chat-1_8b,10.5,23.87,20.67,0.45,2.42,2.13,4.61,9.33
tiiuae/falcon-40b-instruct,10.41,24.54,17.22,0.41,1.51,0.0,5.16,14.02
Qwen/Qwen2-1.5B,10.32,21.13,11.78,0.36,6.27,1.9,3.59,17.24
pszemraj/Llama-3-6.3b-v0.1,10.28,10.44,18.68,0.42,1.51,4.47,6.15,20.44
lmsys/vicuna-13b-v1.3,10.27,33.44,7.49,0.34,0.45,2.35,4.09,13.81
google/gemma-2-2b,10.26,20.18,12.5,0.37,2.42,1.68,11.27,13.52
deepseek-ai/deepseek-moe-16b-chat,10.14,36.63,6.57,0.33,1.66,0.0,5.26,10.71
google/gemma-2-2b,10.13,19.93,11.76,0.37,2.87,1.68,11.43,13.11
VAGOsolutions/SauerkrautLM-1.5b,10.08,24.04,13.42,0.37,2.49,2.8,4.97,12.79
skymizer/Llama2-7b-sft-chat-custom-template-dpo,10.07,23.53,11.24,0.37,0.98,0.0,14.12,10.52
pszemraj/Mistral-v0.3-6B,10.03,24.54,13.52,0.38,0.83,2.01,6.61,12.7
h2oai/h2o-danube3-4b-base,9.99,23.38,10.56,0.36,1.66,5.48,6.53,12.33
uukuguy/speechless-coder-ds-6.7b,9.64,25.05,15.9,0.4,1.66,1.9,5.34,7.99
teknium/OpenHermes-7B,9.48,18.13,12.08,0.36,1.06,2.57,12.68,10.37
google/flan-t5-large,9.42,22.01,17.51,0.42,0.0,0.11,9.01,7.88
meta-llama/Llama-2-7b-chat-hf,9.4,39.65,4.49,0.31,0.68,0.56,3.48,7.52
iRyanBell/ARC1-II,9.32,17.08,7.25,0.34,0.76,2.91,20.31,7.62
NousResearch/Nous-Hermes-llama-2-7b,9.28,17.29,13.79,0.38,0.68,1.79,11.68,10.44
stabilityai/stablelm-2-zephyr-1_6b,9.26,32.79,6.71,0.34,2.11,0.0,5.99,7.93
huggyllama/llama-13b,9.25,24.11,16.15,0.4,1.21,0.67,2.81,10.58
Qwen/Qwen1.5-1.8B,9.12,21.54,9.76,0.35,2.27,7.38,3.96,9.8
ai21labs/Jamba-v0.1,9.1,20.26,10.72,0.36,0.98,2.46,3.71,16.45
Qwen/Qwen1.5-1.8B-Chat,9.01,20.19,5.91,0.33,0.45,6.38,12.18,8.93
CortexLM/btlm-7b-base-v0.2,8.84,14.83,16.19,0.4,1.06,0.45,5.54,15.0
0-hero/Matter-0.2-7B-DPO,8.81,33.03,10.06,0.36,0.83,1.23,5.87,1.82
TencentARC/LLaMA-Pro-8B,8.78,22.77,9.29,0.35,1.66,1.34,8.59,9.01
meta-llama/Llama-2-7b-hf,8.72,25.19,10.35,0.35,1.21,2.24,3.76,9.57
awnr/Mistral-7B-v0.1-signtensors-1-over-4,8.71,21.33,9.23,0.35,2.27,2.68,2.19,14.56
stabilityai/stablelm-2-1_6b-chat,8.63,30.6,7.49,0.34,1.06,0.0,5.71,6.91
internlm/internlm2-1_8b,8.58,21.98,13.63,0.39,1.13,0.0,8.23,6.54
TeeZee/DoubleBagel-57B-v1.0,8.54,23.36,5.52,0.33,0.0,3.47,13.6,5.31
NousResearch/Yarn-Llama-2-13b-128k,8.39,16.55,13.51,0.38,1.13,1.12,3.39,14.67
OliveiraJLT/Sagui-7B-Instruct-v0.1,8.39,28.92,5.04,0.31,0.38,0.0,10.61,5.39
lmsys/vicuna-7b-v1.3,8.31,29.09,6.46,0.33,0.0,0.0,5.02,9.31
Nexusflow/NexusRaven-V2-13B,8.3,17.91,15.34,0.39,1.81,1.34,3.71,9.69
yam-peleg/Hebrew-Mistral-7B-200K,8.21,17.7,7.67,0.34,2.04,0.45,4.42,16.99
bigcode/starcoder2-7b,8.21,22.09,11.4,0.37,2.57,0.22,5.82,7.14
togethercomputer/Llama-2-7B-32K-Instruct,8.17,21.3,8.56,0.34,1.06,0.22,9.2,8.68
deepseek-ai/deepseek-llm-7b-base,8.1,21.79,9.77,0.35,1.21,3.13,3.76,8.96
google/recurrentgemma-2b-it,7.92,29.49,7.98,0.33,1.51,0.45,3.62,4.47
google/gemma-1.1-2b-it,7.78,30.67,5.86,0.32,0.15,2.57,2.02,5.37
ibm-granite/granite-7b-base,7.75,24.14,9.05,0.35,0.6,0.0,3.4,9.27
tensoropera/Fox-1-1.6B,7.69,27.66,7.4,0.33,1.28,1.79,3.87,4.13
laislemke/LLaMA-2-vicuna-7b-slerp,7.67,29.32,2.6,0.3,0.98,3.13,6.18,3.8
VAGOsolutions/SauerkrautLM-Gemma-2b,7.58,24.75,9.13,0.34,1.96,0.89,3.51,5.21
deepseek-ai/deepseek-moe-16b-base,7.37,24.5,8.36,0.34,1.81,0.56,3.36,5.61
google/gemma-2b,7.31,20.38,8.47,0.34,2.72,0.67,7.56,4.06
stabilityai/stablelm-3b-4e1t,7.26,22.03,9.01,0.35,0.68,0.0,4.42,7.43
euclaise/ReMask-3B,7.26,24.19,8.74,0.35,1.74,2.24,2.66,3.97
google/gemma-2b-it,7.22,26.9,5.21,0.32,0.45,3.8,3.03,3.92
cgato/TheSalt-L3-8b-v0.3.2,7.19,27.05,2.61,0.3,3.47,2.13,6.3,1.55
anakin87/gemma-2b-orpo,7.17,24.78,7.95,0.34,1.21,1.57,4.13,3.4
NousResearch/Yarn-Llama-2-7b-64k,7.12,17.0,7.04,0.33,0.98,1.9,6.93,8.87
Qwen/Qwen2-0.5B,7.06,18.67,7.99,0.33,2.57,0.78,4.6,7.76
microsoft/phi-1_5,7.06,20.33,7.47,0.34,1.13,2.35,3.39,7.68
google/codegemma-1.1-2b,7.02,22.94,7.55,0.34,0.6,2.01,5.93,3.09
google/recurrentgemma-2b,6.94,30.17,4.82,0.32,1.59,0.0,3.1,1.96
databricks/dolly-v1-6b,6.89,22.24,4.78,0.32,1.36,1.9,8.12,2.95
HuggingFaceTB/SmolLM-135M,6.84,21.25,3.29,0.3,0.68,1.12,13.34,1.36
togethercomputer/GPT-JT-6B-v1,6.83,20.61,7.32,0.33,0.76,1.45,3.87,6.95
allenai/OLMo-7B-hf,6.78,27.19,5.76,0.33,0.68,3.02,2.08,1.92
togethercomputer/LLaMA-2-7B-32K,6.71,18.65,8.09,0.34,0.68,0.0,4.32,8.53
NousResearch/Yarn-Llama-2-7b-128k,6.69,14.85,6.14,0.32,0.76,1.34,8.25,8.79
CoolSpring/Qwen2-0.5B-Abyme-merge3,6.64,23.86,4.3,0.3,2.11,1.9,2.13,5.56
rasyosef/Phi-1_5-Instruct-v0.1,6.64,24.02,4.82,0.31,0.0,1.34,3.4,6.24
EleutherAI/gpt-j-6b,6.55,25.22,4.91,0.32,1.21,0.0,5.25,2.68
winglian/llama-3-8b-256k-PoSE,6.55,29.09,5.5,0.32,1.44,1.01,0.94,1.29
bigcode/starcoder2-3b,6.54,20.37,8.91,0.35,1.44,0.0,1.43,7.07
gpt2,6.54,18.08,2.67,0.3,0.23,1.12,15.35,1.77
BEE-spoke-data/smol_llama-220M-GQA-fineweb_edu,6.52,19.88,2.31,0.29,0.0,1.23,14.26,1.41
openai-community/gpt2,6.51,17.93,2.67,0.3,0.23,1.12,15.35,1.77
allenai/OLMo-1B-hf,6.47,21.82,3.2,0.31,0.76,1.57,9.56,1.93
BEE-spoke-data/smol_llama-220M-GQA,6.4,23.86,3.04,0.3,0.0,0.78,9.07,1.66
huggyllama/llama-7b,6.39,25.01,7.08,0.33,0.68,0.34,1.76,3.48
Qwen/Qwen2-0.5B-Instruct,6.39,22.47,5.88,0.32,1.66,0.0,2.41,5.9
databricks/dolly-v2-12b,6.38,23.55,6.38,0.33,1.44,0.0,5.5,1.43
EleutherAI/gpt-neo-2.7B,6.34,25.9,4.18,0.31,0.53,2.13,3.52,1.81
togethercomputer/RedPajama-INCITE-7B-Instruct,6.33,20.55,7.91,0.34,1.36,0.11,5.03,3.03
princeton-nlp/Sheared-LLaMA-2.7B,6.31,24.17,5.66,0.33,0.53,3.36,2.09,2.08
openai-community/gpt2,6.3,17.8,2.82,0.3,0.3,1.12,13.91,1.84
google/flan-t5-base,6.24,18.91,11.34,0.35,0.0,0.0,3.22,3.97
facebook/opt-30b,6.2,24.53,3.5,0.31,0.6,2.57,4.19,1.82
HuggingFaceTB/SmolLM-360M,6.15,21.34,3.28,0.31,0.45,2.35,8.09,1.37
CoolSpring/Qwen2-0.5B-Abyme-merge2,6.07,20.22,3.71,0.3,1.81,1.34,3.89,5.44
google/flan-t5-small,6.0,15.24,6.36,0.33,0.0,1.45,10.37,2.59
EleutherAI/gpt-neox-20b,5.99,25.87,4.93,0.32,0.6,0.0,2.82,1.73
mosaicml/mpt-7b,5.98,21.52,6.55,0.33,1.28,1.34,2.9,2.29
gpt2,5.98,8.33,9.2,0.31,0.0,0.0,18.33,0.0
nidum/Nidum-Limitless-Gemma-2B,5.94,24.24,3.45,0.31,0.0,1.9,4.12,1.93
EleutherAI/pythia-12b,5.93,24.71,4.99,0.32,0.91,0.0,3.79,1.21
EleutherAI/pythia-6.9b,5.85,22.81,5.88,0.32,0.76,0.22,3.81,1.63
Josephgflowers/TinyLlama-Cinder-Agent-v1,5.82,26.7,3.8,0.31,0.38,0.0,2.23,1.79
openai-community/gpt2-medium,5.81,22.08,2.72,0.31,0.23,1.68,6.16,2.02
togethercomputer/RedPajama-INCITE-Instruct-3B-v1,5.66,21.24,4.51,0.31,0.6,0.0,6.41,1.22
EleutherAI/pythia-160m,5.62,18.16,2.2,0.3,0.23,1.12,10.68,1.33
databricks/dolly-v2-7b,5.57,20.1,5.45,0.32,0.98,2.46,2.78,1.66
Qwen/Qwen1.5-0.5B-Chat,5.56,18.07,4.32,0.32,0.0,2.57,6.06,2.36
microsoft/phi-1,5.52,20.68,4.27,0.31,0.68,2.01,3.7,1.8
princeton-nlp/Sheared-LLaMA-1.3B,5.51,21.98,4.74,0.32,0.83,0.0,3.58,1.9
pankajmathur/orca_mini_v2_7b,5.5,13.58,10.2,0.35,1.13,0.0,2.08,6.02
openai-community/gpt2-large,5.48,20.48,3.25,0.31,0.68,1.23,5.66,1.58
togethercomputer/RedPajama-INCITE-7B-Base,5.46,20.82,5.09,0.32,0.98,0.67,3.02,2.19
databricks/dolly-v2-3b,5.45,22.47,3.32,0.31,0.6,1.45,3.22,1.61
EleutherAI/pythia-2.8b,5.44,21.73,5.08,0.32,0.68,0.0,3.64,1.52
togethercomputer/RedPajama-INCITE-Base-3B-v1,5.43,22.94,3.52,0.31,0.91,0.0,4.0,1.24
HuggingFaceTB/SmolLM-1.7B,5.43,23.62,4.41,0.32,0.76,0.0,2.13,1.64
PygmalionAI/pygmalion-6b,5.39,20.91,5.09,0.32,0.6,0.0,3.71,2.04
EleutherAI/gpt-neo-1.3B,5.33,20.79,3.02,0.3,0.68,0.78,4.87,1.82
facebook/opt-1.3b,5.25,23.83,3.65,0.31,0.76,0.0,2.08,1.19
microsoft/DialoGPT-medium,5.25,14.79,2.56,0.3,0.0,0.56,12.28,1.32
stabilityai/stablelm-2-1_6b,5.22,11.57,8.63,0.34,0.15,0.0,5.79,5.15
HuggingFaceTB/SmolLM-1.7B-Instruct,5.14,23.48,2.08,0.29,0.0,1.34,2.08,1.85
Qwen/Qwen1.5-0.5B,5.14,17.06,5.04,0.32,0.45,0.56,4.3,3.41
EleutherAI/pythia-410m,5.11,21.95,2.72,0.3,0.3,1.23,3.06,1.42
tiiuae/falcon-7b,5.1,18.21,5.96,0.33,0.53,0.0,4.5,1.39
tiiuae/falcon-7b-instruct,5.02,19.69,4.82,0.32,0.6,0.0,3.25,1.73
openai-community/gpt2-xl,4.98,20.39,2.58,0.3,0.3,1.12,4.04,1.46
LeroyDyer/_Spydaz_Web_AI_ChatQA,4.95,14.15,5.6,0.32,0.0,2.13,2.56,5.28
RESMPDEV/Qwen2-Wukong-0.5B,4.95,18.54,4.2,0.31,0.0,0.0,3.33,3.64
togethercomputer/GPT-NeoXT-Chat-Base-20B,4.94,18.3,6.83,0.33,1.13,0.0,1.76,1.61
togethercomputer/RedPajama-INCITE-Chat-3B-v1,4.75,16.52,5.16,0.32,0.3,0.0,5.09,1.41
HuggingFaceTB/SmolLM-360M-Instruct,4.71,19.52,2.08,0.29,0.0,1.9,2.9,1.85
TinyLlama/TinyLlama_v1.1,4.7,20.01,3.21,0.3,0.45,0.0,3.98,0.54
AI-Sweden-Models/gpt-sw3-40b,4.68,14.7,6.89,0.33,0.6,0.0,2.84,3.06
paloalma/TW3-JRGL-v2,4.57,3.1,4.11,0.31,5.21,0.78,12.38,1.85
WizardLMTeam/WizardLM-13B-V1.0,4.55,18.5,2.15,0.29,0.0,1.23,3.55,1.85
allknowingroger/Multimerge-19B-pass,4.54,17.73,2.08,0.29,0.0,1.23,4.3,1.87
OEvortex/HelpingAI-15B,4.52,20.3,1.82,0.29,0.0,1.01,2.73,1.24
Yash21/TinyYi-7B-Test,4.5,18.56,2.27,0.29,0.0,1.9,3.22,1.01
EleutherAI/gpt-neo-125m,4.38,19.05,3.44,0.31,0.45,0.45,2.62,0.28
LeroyDyer/Mixtral_AI_SwahiliTron_7b,4.27,15.34,3.21,0.31,0.83,2.01,1.92,2.31
bigscience/bloom-3b,4.26,12.71,3.42,0.31,0.08,0.0,7.89,1.48
HuggingFaceTB/SmolLM-135M-Instruct,4.23,15.96,2.08,0.29,0.0,1.9,3.62,1.84
Felladrin/Llama-160M-Chat-v1,4.1,15.75,3.17,0.3,0.0,1.01,3.17,1.51
davidkim205/Rhea-72b-v0.5,4.02,1.45,3.67,0.31,5.51,0.34,11.32,1.85
bigscience/bloom-1b7,3.97,10.44,4.4,0.31,0.08,1.12,6.84,0.96
togethercomputer/RedPajama-INCITE-7B-Chat,3.96,15.58,4.5,0.32,0.15,0.34,1.86,1.35
bigscience/bloom-1b1,3.96,13.73,4.04,0.31,0.15,1.23,3.42,1.2
BEE-spoke-data/smol_llama-101M-GQA,3.92,13.84,3.2,0.3,0.0,1.01,4.28,1.19
IDEA-CCNL/Ziya-LLaMA-13B-v1,3.91,16.97,1.46,0.29,0.0,0.0,3.88,1.12
distilbert/distilgpt2,3.9,6.11,2.84,0.3,0.0,1.23,11.16,2.08
RWKV/rwkv-raven-14b,3.89,7.68,6.76,0.33,0.0,0.0,7.19,1.67
Felladrin/Minueza-32M-UltraChat,3.85,13.76,2.44,0.29,0.0,0.78,4.64,1.48
jaredjoss/pythia-410m-roberta-lr_8e7-kl_01-steps_12000-rlhf-model,3.82,15.72,1.82,0.29,0.0,1.23,2.25,1.87
bigscience/bloom-7b1,3.71,13.22,4.04,0.31,0.0,1.9,1.92,1.16
OpenAssistant/oasst-sft-1-pythia-12b,3.67,10.55,4.78,0.31,1.44,1.01,2.99,1.25
Replete-AI/Replete-LLM-Qwen2-7b_Beta-Preview,3.58,8.58,1.97,0.29,0.0,0.0,7.76,3.17
Replete-AI/Replete-LLM-Qwen2-7b,3.51,9.32,2.72,0.3,0.0,0.0,7.26,1.74
bigscience/bloom-560m,3.46,6.2,2.89,0.3,0.08,1.57,8.19,1.83
Replete-AI/Replete-LLM-Qwen2-7b,3.33,9.05,2.84,0.3,0.0,0.45,5.86,1.75
pankajmathur/orca_mini_3b,3.07,7.42,4.69,0.32,0.53,0.0,4.2,1.61
instruction-pretrain/InstructLM-500M,2.85,10.28,2.32,0.29,0.0,0.89,2.07,1.57
TinyLlama/TinyLlama-1.1B-Chat-v1.0,2.71,5.96,4.01,0.31,0.83,0.0,4.31,1.12
LiteAI/Hare-1.1B-base,1.95,0.12,1.72,0.29,0.0,1.23,7.58,1.04
NucleusAI/nucleus-22B-token-500B,1.63,2.57,1.89,0.29,0.0,0.0,3.55,1.8
pankajmathur/orca_mini_v6_8b,1.41,1.11,3.22,0.3,0.0,0.0,2.77,1.38
